-- MySQL Script generated by MySQL Workbench
-- Wed Apr 15 14:42:07 2026
-- Model: New Model    Version: 1.0
-- MySQL Workbench Forward Engineering

SET @OLD_UNIQUE_CHECKS=@@UNIQUE_CHECKS, UNIQUE_CHECKS=0;
SET @OLD_FOREIGN_KEY_CHECKS=@@FOREIGN_KEY_CHECKS, FOREIGN_KEY_CHECKS=0;
SET @OLD_SQL_MODE=@@SQL_MODE, SQL_MODE='ONLY_FULL_GROUP_BY,STRICT_TRANS_TABLES,NO_ZERO_IN_DATE,NO_ZERO_DATE,ERROR_FOR_DIVISION_BY_ZERO,NO_ENGINE_SUBSTITUTION';

-- -----------------------------------------------------
-- Schema mydb
-- -----------------------------------------------------
-- -----------------------------------------------------
-- Schema klimatici_db
-- -----------------------------------------------------

-- -----------------------------------------------------
-- Schema klimatici_db
-- -----------------------------------------------------
CREATE SCHEMA IF NOT EXISTS `klimatici_db` DEFAULT CHARACTER SET utf8mb4 COLLATE utf8mb4_unicode_ci ;
USE `klimatici_db` ;

-- -----------------------------------------------------
-- Table `klimatici_db`.`brands`
-- -----------------------------------------------------
DROP TABLE IF EXISTS `klimatici_db`.`brands` ;

CREATE TABLE IF NOT EXISTS `klimatici_db`.`brands` (
  `brand_id` INT NOT NULL AUTO_INCREMENT,
  `brand_name` VARCHAR(100) NOT NULL,
  `logo_url` VARCHAR(500) NULL DEFAULT NULL,
  `description` TEXT NULL DEFAULT NULL,
  `is_active` TINYINT(1) NULL DEFAULT '1',
  PRIMARY KEY (`brand_id`),
  UNIQUE INDEX `brand_name` (`brand_name` ASC) VISIBLE)
ENGINE = InnoDB
AUTO_INCREMENT = 7
DEFAULT CHARACTER SET = utf8mb4
COLLATE = utf8mb4_0900_ai_ci;


-- -----------------------------------------------------
-- Table `klimatici_db`.`users`
-- -----------------------------------------------------
DROP TABLE IF EXISTS `klimatici_db`.`users` ;

CREATE TABLE IF NOT EXISTS `klimatici_db`.`users` (
  `user_id` INT NOT NULL AUTO_INCREMENT,
  `email` VARCHAR(255) NOT NULL,
  `password` VARCHAR(255) NOT NULL,
  `full_name` VARCHAR(255) NOT NULL,
  `phone` VARCHAR(20) NULL DEFAULT NULL,
  `user_type` ENUM('client', 'employee', 'admin') NOT NULL DEFAULT 'client',
  `is_active` TINYINT(1) NULL DEFAULT '1',
  `created_at` TIMESTAMP NULL DEFAULT CURRENT_TIMESTAMP,
  `updated_at` TIMESTAMP NULL DEFAULT CURRENT_TIMESTAMP ON UPDATE CURRENT_TIMESTAMP,
  PRIMARY KEY (`user_id`),
  UNIQUE INDEX `email` (`email` ASC) VISIBLE)
ENGINE = InnoDB
AUTO_INCREMENT = 17
DEFAULT CHARACTER SET = utf8mb4
COLLATE = utf8mb4_0900_ai_ci;


-- -----------------------------------------------------
-- Table `klimatici_db`.`products`
-- -----------------------------------------------------
DROP TABLE IF EXISTS `klimatici_db`.`products` ;

CREATE TABLE IF NOT EXISTS `klimatici_db`.`products` (
  `product_id` INT NOT NULL AUTO_INCREMENT,
  `brand_id` INT NOT NULL,
  `model_name` VARCHAR(255) NOT NULL,
  `description` TEXT NULL DEFAULT NULL,
  `price` DECIMAL(10,2) NOT NULL,
  `stock_quantity` INT NULL DEFAULT '0',
  `energy_class` VARCHAR(10) NULL DEFAULT NULL,
  `btu_power` INT NULL DEFAULT NULL,
  `warranty_months` INT NULL DEFAULT '24',
  `main_image_url` VARCHAR(500) NULL DEFAULT NULL,
  `features` TEXT NULL DEFAULT NULL,
  `weight_kg` DECIMAL(5,2) NULL DEFAULT NULL,
  `dimensions` VARCHAR(100) NULL DEFAULT NULL,
  `is_active` TINYINT(1) NULL DEFAULT '1',
  `created_at` TIMESTAMP NULL DEFAULT CURRENT_TIMESTAMP,
  `updated_at` TIMESTAMP NULL DEFAULT CURRENT_TIMESTAMP ON UPDATE CURRENT_TIMESTAMP,
  PRIMARY KEY (`product_id`),
  INDEX `idx_products_brand` (`brand_id` ASC) VISIBLE,
  INDEX `idx_products_price` (`price` ASC) VISIBLE,
  INDEX `idx_products_energy` (`energy_class` ASC) VISIBLE,
  CONSTRAINT `products_ibfk_1`
    FOREIGN KEY (`brand_id`)
    REFERENCES `klimatici_db`.`brands` (`brand_id`)
    ON DELETE RESTRICT)
ENGINE = InnoDB
AUTO_INCREMENT = 23
DEFAULT CHARACTER SET = utf8mb4
COLLATE = utf8mb4_0900_ai_ci;


-- -----------------------------------------------------
-- Table `klimatici_db`.`cart`
-- -----------------------------------------------------
DROP TABLE IF EXISTS `klimatici_db`.`cart` ;

CREATE TABLE IF NOT EXISTS `klimatici_db`.`cart` (
  `cart_id` INT NOT NULL AUTO_INCREMENT,
  `user_id` INT NOT NULL,
  `product_id` INT NOT NULL,
  `quantity` INT NOT NULL DEFAULT '1',
  `added_at` TIMESTAMP NULL DEFAULT CURRENT_TIMESTAMP,
  PRIMARY KEY (`cart_id`),
  UNIQUE INDEX `unique_cart_item` (`user_id` ASC, `product_id` ASC) VISIBLE,
  INDEX `product_id` (`product_id` ASC) VISIBLE,
  CONSTRAINT `cart_ibfk_1`
    FOREIGN KEY (`user_id`)
    REFERENCES `klimatici_db`.`users` (`user_id`)
    ON DELETE CASCADE,
  CONSTRAINT `cart_ibfk_2`
    FOREIGN KEY (`product_id`)
    REFERENCES `klimatici_db`.`products` (`product_id`)
    ON DELETE CASCADE)
ENGINE = InnoDB
DEFAULT CHARACTER SET = utf8mb4
COLLATE = utf8mb4_0900_ai_ci;


-- -----------------------------------------------------
-- Table `klimatici_db`.`chat_messages`
-- -----------------------------------------------------
DROP TABLE IF EXISTS `klimatici_db`.`chat_messages` ;

CREATE TABLE IF NOT EXISTS `klimatici_db`.`chat_messages` (
  `message_id` INT NOT NULL AUTO_INCREMENT,
  `order_id` INT NOT NULL COMMENT 'Order ID (0 = general inquiry, >0 = specific order)',
  `sender_id` INT NOT NULL,
  `message_text` TEXT NOT NULL,
  `sent_at` TIMESTAMP NULL DEFAULT CURRENT_TIMESTAMP,
  `is_read` TINYINT(1) NULL DEFAULT '0',
  PRIMARY KEY (`message_id`),
  INDEX `idx_order` (`order_id` ASC) VISIBLE,
  INDEX `idx_sender` (`sender_id` ASC) VISIBLE,
  INDEX `idx_sent_at` (`sent_at` ASC) VISIBLE,
  INDEX `idx_is_read` (`is_read` ASC) VISIBLE,
  CONSTRAINT `fk_chat_sender`
    FOREIGN KEY (`sender_id`)
    REFERENCES `klimatici_db`.`users` (`user_id`)
    ON DELETE CASCADE)
ENGINE = InnoDB
AUTO_INCREMENT = 13
DEFAULT CHARACTER SET = utf8mb4
COLLATE = utf8mb4_unicode_ci;


-- -----------------------------------------------------
-- Table `klimatici_db`.`clients`
-- -----------------------------------------------------
DROP TABLE IF EXISTS `klimatici_db`.`clients` ;

CREATE TABLE IF NOT EXISTS `klimatici_db`.`clients` (
  `client_id` INT NOT NULL AUTO_INCREMENT,
  `user_id` INT NOT NULL,
  `receive_promotions` TINYINT(1) NULL DEFAULT '1',
  PRIMARY KEY (`client_id`),
  UNIQUE INDEX `user_id` (`user_id` ASC) VISIBLE,
  CONSTRAINT `clients_ibfk_1`
    FOREIGN KEY (`user_id`)
    REFERENCES `klimatici_db`.`users` (`user_id`)
    ON DELETE CASCADE)
ENGINE = InnoDB
AUTO_INCREMENT = 7
DEFAULT CHARACTER SET = utf8mb4
COLLATE = utf8mb4_0900_ai_ci;


-- -----------------------------------------------------
-- Table `klimatici_db`.`employees`
-- -----------------------------------------------------
DROP TABLE IF EXISTS `klimatici_db`.`employees` ;

CREATE TABLE IF NOT EXISTS `klimatici_db`.`employees` (
  `employee_id` INT NOT NULL AUTO_INCREMENT,
  `user_id` INT NOT NULL,
  `position` ENUM('technician', 'delivery_driver', 'customer_service', 'manager', 'admin') NOT NULL,
  `hire_date` DATE NULL DEFAULT NULL,
  `rating` DECIMAL(3,2) NULL DEFAULT '0.00',
  `is_available` TINYINT(1) NULL DEFAULT '1',
  PRIMARY KEY (`employee_id`),
  UNIQUE INDEX `user_id` (`user_id` ASC) VISIBLE,
  CONSTRAINT `employees_ibfk_1`
    FOREIGN KEY (`user_id`)
    REFERENCES `klimatici_db`.`users` (`user_id`)
    ON DELETE CASCADE)
ENGINE = InnoDB
AUTO_INCREMENT = 9
DEFAULT CHARACTER SET = utf8mb4
COLLATE = utf8mb4_0900_ai_ci;


-- -----------------------------------------------------
-- Table `klimatici_db`.`orders`
-- -----------------------------------------------------
DROP TABLE IF EXISTS `klimatici_db`.`orders` ;

CREATE TABLE IF NOT EXISTS `klimatici_db`.`orders` (
  `order_id` INT NOT NULL AUTO_INCREMENT,
  `user_id` INT NOT NULL,
  `total_amount` DECIMAL(10,2) NOT NULL,
  `delivery_address` TEXT NOT NULL,
  `delivery_city` VARCHAR(100) NULL DEFAULT NULL,
  `delivery_postal_code` VARCHAR(20) NULL DEFAULT NULL,
  `contact_phone` VARCHAR(20) NOT NULL,
  `notes` TEXT NULL DEFAULT NULL,
  `order_status` ENUM('pending', 'confirmed', 'processing', 'shipped', 'delivered', 'cancelled') NULL DEFAULT 'pending',
  `assigned_employee_id` INT NULL DEFAULT NULL,
  `created_at` TIMESTAMP NULL DEFAULT CURRENT_TIMESTAMP,
  `updated_at` TIMESTAMP NULL DEFAULT CURRENT_TIMESTAMP ON UPDATE CURRENT_TIMESTAMP,
  PRIMARY KEY (`order_id`),
  INDEX `assigned_employee_id` (`assigned_employee_id` ASC) VISIBLE,
  INDEX `idx_orders_user` (`user_id` ASC) VISIBLE,
  INDEX `idx_orders_status` (`order_status` ASC) VISIBLE,
  CONSTRAINT `orders_ibfk_1`
    FOREIGN KEY (`user_id`)
    REFERENCES `klimatici_db`.`users` (`user_id`)
    ON DELETE RESTRICT,
  CONSTRAINT `orders_ibfk_2`
    FOREIGN KEY (`assigned_employee_id`)
    REFERENCES `klimatici_db`.`employees` (`employee_id`)
    ON DELETE SET NULL)
ENGINE = InnoDB
AUTO_INCREMENT = 12
DEFAULT CHARACTER SET = utf8mb4
COLLATE = utf8mb4_0900_ai_ci;


-- -----------------------------------------------------
-- Table `klimatici_db`.`order_items`
-- -----------------------------------------------------
DROP TABLE IF EXISTS `klimatici_db`.`order_items` ;

CREATE TABLE IF NOT EXISTS `klimatici_db`.`order_items` (
  `order_item_id` INT NOT NULL AUTO_INCREMENT,
  `order_id` INT NOT NULL,
  `product_id` INT NOT NULL,
  `quantity` INT NOT NULL DEFAULT '1',
  `unit_price` DECIMAL(10,2) NOT NULL,
  `subtotal` DECIMAL(10,2) NOT NULL,
  PRIMARY KEY (`order_item_id`),
  INDEX `order_id` (`order_id` ASC) VISIBLE,
  INDEX `product_id` (`product_id` ASC) VISIBLE,
  CONSTRAINT `order_items_ibfk_1`
    FOREIGN KEY (`order_id`)
    REFERENCES `klimatici_db`.`orders` (`order_id`)
    ON DELETE CASCADE,
  CONSTRAINT `order_items_ibfk_2`
    FOREIGN KEY (`product_id`)
    REFERENCES `klimatici_db`.`products` (`product_id`)
    ON DELETE RESTRICT)
ENGINE = InnoDB
AUTO_INCREMENT = 6
DEFAULT CHARACTER SET = utf8mb4
COLLATE = utf8mb4_0900_ai_ci;


-- -----------------------------------------------------
-- Table `klimatici_db`.`services`
-- -----------------------------------------------------
DROP TABLE IF EXISTS `klimatici_db`.`services` ;

CREATE TABLE IF NOT EXISTS `klimatici_db`.`services` (
  `service_id` INT NOT NULL AUTO_INCREMENT,
  `service_name` VARCHAR(255) NOT NULL,
  `description` TEXT NULL DEFAULT NULL,
  `base_price` DECIMAL(10,2) NOT NULL,
  `service_type` ENUM('delivery', 'installation', 'repair', 'maintenance') NOT NULL,
  `duration_hours` INT NULL DEFAULT NULL,
  `is_active` TINYINT(1) NULL DEFAULT '1',
  `created_at` TIMESTAMP NULL DEFAULT CURRENT_TIMESTAMP,
  `services_service_id` INT NOT NULL,
  PRIMARY KEY (`service_id`, `services_service_id`),
  INDEX `fk_services_services1_idx` (`services_service_id` ASC) VISIBLE,
  CONSTRAINT `fk_services_services1`
    FOREIGN KEY (`services_service_id`)
    REFERENCES `klimatici_db`.`services` (`service_id`)
    ON DELETE NO ACTION
    ON UPDATE NO ACTION)
ENGINE = InnoDB
AUTO_INCREMENT = 7
DEFAULT CHARACTER SET = utf8mb4
COLLATE = utf8mb4_0900_ai_ci;


-- -----------------------------------------------------
-- Table `klimatici_db`.`order_services`
-- -----------------------------------------------------
DROP TABLE IF EXISTS `klimatici_db`.`order_services` ;

CREATE TABLE IF NOT EXISTS `klimatici_db`.`order_services` (
  `order_service_id` INT NOT NULL AUTO_INCREMENT,
  `order_id` INT NOT NULL,
  `service_id` INT NOT NULL,
  `quantity` INT NULL DEFAULT '1',
  `service_price` DECIMAL(10,2) NOT NULL,
  `service_status` ENUM('pending', 'scheduled', 'in_progress', 'completed', 'cancelled') NULL DEFAULT 'pending',
  PRIMARY KEY (`order_service_id`),
  INDEX `order_id` (`order_id` ASC) VISIBLE,
  INDEX `service_id` (`service_id` ASC) VISIBLE,
  CONSTRAINT `order_services_ibfk_1`
    FOREIGN KEY (`order_id`)
    REFERENCES `klimatici_db`.`orders` (`order_id`)
    ON DELETE CASCADE,
  CONSTRAINT `order_services_ibfk_2`
    FOREIGN KEY (`service_id`)
    REFERENCES `klimatici_db`.`services` (`service_id`)
    ON DELETE RESTRICT)
ENGINE = InnoDB
AUTO_INCREMENT = 7
DEFAULT CHARACTER SET = utf8mb4
COLLATE = utf8mb4_0900_ai_ci;


-- -----------------------------------------------------
-- Table `klimatici_db`.`payments`
-- -----------------------------------------------------
DROP TABLE IF EXISTS `klimatici_db`.`payments` ;

CREATE TABLE IF NOT EXISTS `klimatici_db`.`payments` (
  `payment_id` INT NOT NULL AUTO_INCREMENT,
  `order_id` INT NULL DEFAULT NULL,
  `amount` DECIMAL(10,2) NOT NULL,
  `payment_method` ENUM('credit_card', 'debit_card', 'cash_on_delivery', 'bank_transfer', 'paypal') NOT NULL,
  `payment_status` ENUM('pending', 'completed', 'failed', 'refunded') NULL DEFAULT 'pending',
  `payment_date` TIMESTAMP NULL DEFAULT CURRENT_TIMESTAMP,
  PRIMARY KEY (`payment_id`),
  INDEX `order_id` (`order_id` ASC) VISIBLE,
  CONSTRAINT `payments_ibfk_1`
    FOREIGN KEY (`order_id`)
    REFERENCES `klimatici_db`.`orders` (`order_id`)
    ON DELETE SET NULL)
ENGINE = InnoDB
AUTO_INCREMENT = 6
DEFAULT CHARACTER SET = utf8mb4
COLLATE = utf8mb4_0900_ai_ci;


-- -----------------------------------------------------
-- Table `klimatici_db`.`reviews`
-- -----------------------------------------------------
DROP TABLE IF EXISTS `klimatici_db`.`reviews` ;

CREATE TABLE IF NOT EXISTS `klimatici_db`.`reviews` (
  `review_id` INT NOT NULL AUTO_INCREMENT,
  `user_id` INT NOT NULL,
  `product_id` INT NOT NULL,
  `rating` INT NOT NULL,
  `title` VARCHAR(200) NULL DEFAULT NULL,
  `review_text` TEXT NULL DEFAULT NULL,
  `is_verified_purchase` TINYINT(1) NULL DEFAULT '0',
  `reviewer_name` VARCHAR(100) NOT NULL DEFAULT 'Анонимен',
  `created_at` TIMESTAMP NULL DEFAULT CURRENT_TIMESTAMP,
  `is_approved` TINYINT(1) NULL DEFAULT '0',
  PRIMARY KEY (`review_id`),
  INDEX `user_id` (`user_id` ASC) VISIBLE,
  INDEX `product_id` (`product_id` ASC) VISIBLE,
  CONSTRAINT `reviews_ibfk_1`
    FOREIGN KEY (`user_id`)
    REFERENCES `klimatici_db`.`users` (`user_id`)
    ON DELETE CASCADE,
  CONSTRAINT `reviews_ibfk_2`
    FOREIGN KEY (`product_id`)
    REFERENCES `klimatici_db`.`products` (`product_id`)
    ON DELETE CASCADE)
ENGINE = InnoDB
AUTO_INCREMENT = 5
DEFAULT CHARACTER SET = utf8mb4
COLLATE = utf8mb4_0900_ai_ci;


-- -----------------------------------------------------
-- Table `klimatici_db`.`service_requests`
-- -----------------------------------------------------
DROP TABLE IF EXISTS `klimatici_db`.`service_requests` ;

CREATE TABLE IF NOT EXISTS `klimatici_db`.`service_requests` (
  `request_id` INT NOT NULL AUTO_INCREMENT,
  `user_id` INT NOT NULL,
  `service_id` INT NOT NULL,
  `address` TEXT NOT NULL,
  `city` VARCHAR(100) NULL DEFAULT NULL,
  `contact_phone` VARCHAR(20) NOT NULL,
  `description` TEXT NULL DEFAULT NULL,
  `preferred_date` DATE NULL DEFAULT NULL,
  `preferred_time` TIME NULL DEFAULT NULL,
  `request_status` ENUM('pending', 'scheduled', 'in_progress', 'completed', 'cancelled') NULL DEFAULT 'pending',
  `created_at` TIMESTAMP NULL DEFAULT CURRENT_TIMESTAMP,
  `updated_at` TIMESTAMP NULL DEFAULT CURRENT_TIMESTAMP ON UPDATE CURRENT_TIMESTAMP,
  PRIMARY KEY (`request_id`),
  INDEX `user_id` (`user_id` ASC) VISIBLE,
  INDEX `service_id` (`service_id` ASC) VISIBLE,
  CONSTRAINT `service_requests_ibfk_1`
    FOREIGN KEY (`user_id`)
    REFERENCES `klimatici_db`.`users` (`user_id`)
    ON DELETE RESTRICT,
  CONSTRAINT `service_requests_ibfk_2`
    FOREIGN KEY (`service_id`)
    REFERENCES `klimatici_db`.`services` (`service_id`)
    ON DELETE RESTRICT)
ENGINE = InnoDB
AUTO_INCREMENT = 4
DEFAULT CHARACTER SET = utf8mb4
COLLATE = utf8mb4_0900_ai_ci;


SET SQL_MODE=@OLD_SQL_MODE;
SET FOREIGN_KEY_CHECKS=@OLD_FOREIGN_KEY_CHECKS;
SET UNIQUE_CHECKS=@OLD_UNIQUE_CHECKS;

-- -----------------------------------------------------
-- Data for table `klimatici_db`.`brands`
-- -----------------------------------------------------
START TRANSACTION;
USE `klimatici_db`;
INSERT INTO `klimatici_db`.`brands` (`brand_id`, `brand_name`, `logo_url`, `description`, `is_active`) VALUES (1, 'Panasonic', 'https://upload.wikimedia.org/wikipedia/commons/thumb/8/8e/Panasonic_logo_%28Blue%29.svg/1280px-Panasonic_logo_%28Blue%29.svg.png', 'Японска марка с висококачествени климатични системи', 1);
INSERT INTO `klimatici_db`.`brands` (`brand_id`, `brand_name`, `logo_url`, `description`, `is_active`) VALUES (2, 'Daikin', 'https://upload.wikimedia.org/wikipedia/commons/thumb/0/05/DAIKIN_logo.svg/960px-DAIKIN_logo.svg.png', 'Световен лидер в климатичната индустрия', 1);
INSERT INTO `klimatici_db`.`brands` (`brand_id`, `brand_name`, `logo_url`, `description`, `is_active`) VALUES (3, 'Mitsubishi Electric', 'https://upload.wikimedia.org/wikipedia/commons/thumb/1/10/Mitsubishi_Electric_logo.svg/1280px-Mitsubishi_Electric_logo.svg.png', 'Иновативни решения за климатизация', 1);
INSERT INTO `klimatici_db`.`brands` (`brand_id`, `brand_name`, `logo_url`, `description`, `is_active`) VALUES (4, 'Bosch', 'https://upload.wikimedia.org/wikipedia/commons/thumb/1/16/Bosch-logo.svg/3840px-Bosch-logo.svg.png', 'Германско качество и надеждност', 1);
INSERT INTO `klimatici_db`.`brands` (`brand_id`, `brand_name`, `logo_url`, `description`, `is_active`) VALUES (5, 'LG', 'https://upload.wikimedia.org/wikipedia/commons/thumb/8/8d/LG_logo_%282014%29.svg/1280px-LG_logo_%282014%29.svg.png', 'Корейска технология с модерен дизайн', 1);
INSERT INTO `klimatici_db`.`brands` (`brand_id`, `brand_name`, `logo_url`, `description`, `is_active`) VALUES (6, 'Gree', 'https://upload.wikimedia.org/wikipedia/commons/0/01/Gree_electric_appliances_logo.svg', 'Най-големият производител на климатици в света', 1);

COMMIT;


-- -----------------------------------------------------
-- Data for table `klimatici_db`.`users`
-- -----------------------------------------------------
START TRANSACTION;
USE `klimatici_db`;
INSERT INTO `klimatici_db`.`users` (`user_id`, `email`, `password`, `full_name`, `phone`, `user_type`, `is_active`, `created_at`, `updated_at`) VALUES (1, 'admin@klimatici.bg', '$2y$10$abcdefghijklmnopqrstuvwxyz', 'Иван Иванов', '0888123456', 'admin', 1, '2026-01-26 22:23:04', '2026-01-26 22:23:04');
INSERT INTO `klimatici_db`.`users` (`user_id`, `email`, `password`, `full_name`, `phone`, `user_type`, `is_active`, `created_at`, `updated_at`) VALUES (2, 'test@klimatici.bg', '$2y$10$k.runhAhBF3P.7o5rYTQyObNWpjt/qJnjbx5CWbx/NqMms.DW..c2', 'Тест Потребител', '0888123456', 'client', 1, '2026-01-26 23:17:54', '2026-01-26 23:17:54');
INSERT INTO `klimatici_db`.`users` (`user_id`, `email`, `password`, `full_name`, `phone`, `user_type`, `is_active`, `created_at`, `updated_at`) VALUES (3, 'nikiK@gmail.com', '$2y$10$Ma82aO4idnL7KvP.iPD90eFP8P61osi364ZwCyAdLo1OrRjn.rSWe', 'Николай Кънчев', '0887953324', 'client', 1, '2026-01-26 23:27:01', '2026-01-26 23:27:01');
INSERT INTO `klimatici_db`.`users` (`user_id`, `email`, `password`, `full_name`, `phone`, `user_type`, `is_active`, `created_at`, `updated_at`) VALUES (4, 'alexpop@gmail.com', '$2y$10$xNZCu2C8Zz1IgQO/aTdmjOOUn9NViDh4svhwfCM8edbhyuGk2jrha', 'Александър Попов', '0879753212', 'employee', 1, '2026-01-26 23:32:52', '2026-01-26 23:32:52');
INSERT INTO `klimatici_db`.`users` (`user_id`, `email`, `password`, `full_name`, `phone`, `user_type`, `is_active`, `created_at`, `updated_at`) VALUES (5, 'ivan123@gmail.com', '$2y$10$rTaks5hq1WJGR3USV1sr9ea2OOppwBMEQ41N0ve2NZatVRdG1B68S', 'Иван Иванов', '0887975123', 'client', 1, '2026-01-28 12:40:19', '2026-04-10 23:08:42');
INSERT INTO `klimatici_db`.`users` (`user_id`, `email`, `password`, `full_name`, `phone`, `user_type`, `is_active`, `created_at`, `updated_at`) VALUES (6, 'slavi@gmail.com', '$2y$10$0ejT7lxx2Mu2tBXmxfg8UuDaFvvNEIwRqZFF.nsytEQMpF49xN1WC', 'Svetoslav Panow', '0887976123', 'admin', 1, '2026-02-07 14:09:12', '2026-02-07 14:12:32');
INSERT INTO `klimatici_db`.`users` (`user_id`, `email`, `password`, `full_name`, `phone`, `user_type`, `is_active`, `created_at`, `updated_at`) VALUES (8, 'niki@gmail.com', '$2y$10$iZpIu3CA2bC7txcJFl2gFuyU1DdfdErXxoxz89Obw/xP7WYdUow/.', 'Ники Кънчев', '0888972863', 'employee', 1, '2026-03-02 12:39:20', '2026-03-02 12:39:20');
INSERT INTO `klimatici_db`.`users` (`user_id`, `email`, `password`, `full_name`, `phone`, `user_type`, `is_active`, `created_at`, `updated_at`) VALUES (9, 'dimanMihnev@festo.com', '$2y$10$V8uxjSnZDNt/.BPcVyNoR.bpWylm9Ei52wDPgnn8iRu4GMNdN.I6i', 'Диман Михнев', '0887654212', 'client', 1, '2026-03-18 12:06:30', '2026-03-18 12:06:30');
INSERT INTO `klimatici_db`.`users` (`user_id`, `email`, `password`, `full_name`, `phone`, `user_type`, `is_active`, `created_at`, `updated_at`) VALUES (10, 'dimi@gmail.com', '$2y$10$8WvtqEP4ZlqqbAuH4cls0ezI1sg2IJbN1PZLeg070InkB4U2bjDGC', 'Димитър Василев', '0889876543', 'client', 1, '2026-03-29 11:21:36', '2026-03-29 11:21:36');
INSERT INTO `klimatici_db`.`users` (`user_id`, `email`, `password`, `full_name`, `phone`, `user_type`, `is_active`, `created_at`, `updated_at`) VALUES (12, 'nikola@gmail.com', '$2y$10$MUmoOpCsSpOaFNzCUvyBceEE8qCPKsN6Pi5sjKBso7AmCu.ictQoW', 'Никола Василев', '0888972612', 'employee', 1, '2026-03-30 18:40:38', '2026-03-30 18:40:38');
INSERT INTO `klimatici_db`.`users` (`user_id`, `email`, `password`, `full_name`, `phone`, `user_type`, `is_active`, `created_at`, `updated_at`) VALUES (16, 'nikolaj@gmail.com', '$2y$10$h1LYUn4HfENL3Ws9NTnBZeGuWeg.RmBy4aHWGYI.OQSjjp9zDFbEu', 'Николай Благоев', '0888984326', 'client', 1, '2026-04-12 22:33:19', '2026-04-12 22:33:19');

COMMIT;


-- -----------------------------------------------------
-- Data for table `klimatici_db`.`products`
-- -----------------------------------------------------
START TRANSACTION;
USE `klimatici_db`;
INSERT INTO `klimatici_db`.`products` (`product_id`, `brand_id`, `model_name`, `description`, `price`, `stock_quantity`, `energy_class`, `btu_power`, `warranty_months`, `main_image_url`, `features`, `weight_kg`, `dimensions`, `is_active`, `created_at`, `updated_at`) VALUES (1, 1, 'CS-TZ25ZKEW Etherea', 'Инверторен климатик с най-висок енергиен клас и елегантен дизайн. Тихо работещ с технология Nanoe-X за пречистване на въздуха. Идеален за спални и дневни.', 1298.76, 15, 'A+++', 9000, 60, 'https://panashop.ua/image/cache/catalog/shared_photo/cs-z20zkew-cu-z20zke-white-700x700.jpg', 'Wi-Fi управление, Nanoe-X технология, Интелигентен сензор, Автоматично почистване', 9.50, '80x29x23 см', 1, '2026-02-07 13:20:22', '2026-03-28 12:54:32');
INSERT INTO `klimatici_db`.`products` (`product_id`, `brand_id`, `model_name`, `description`, `price`, `stock_quantity`, `energy_class`, `btu_power`, `warranty_months`, `main_image_url`, `features`, `weight_kg`, `dimensions`, `is_active`, `created_at`, `updated_at`) VALUES (2, 1, 'CS-Z35ZKEW Etherea', 'Мощен инверторен климатик 12000 BTU с премиум характеристики. Подходящ за по-големи помещения до 35 кв.м.', 1498.79, 12, 'A+++', 12000, 60, 'https://www.antonovclima.com/wp-content/uploads/klimatik-panasonic-cs-z35xkew-etherea-r32-wifi.png', 'Wi-Fi управление, Nanoe-X технология, Икономичен режим, Нощен режим', 11.00, '90x30x24 см', 1, '2026-02-07 13:20:22', '2026-03-28 12:54:32');
INSERT INTO `klimatici_db`.`products` (`product_id`, `brand_id`, `model_name`, `description`, `price`, `stock_quantity`, `energy_class`, `btu_power`, `warranty_months`, `main_image_url`, `features`, `weight_kg`, `dimensions`, `is_active`, `created_at`, `updated_at`) VALUES (3, 1, 'CS-Z50ZKEW Nordic', 'Флагман модел за работа при екстремно ниски температури до -35°C. Мощност 18000 BTU.', 2198.67, 8, 'A++', 18000, 60, 'https://ivalsclima.bg/images/thumbs/0000933_invertoren-klimatik-panasonic-cs-z50zkewcu-z50zke-etherea-18000-btu-klas-aa_550.webp', 'Работа до -35°C, Двойна изолация, Автоматично размразяване, Turbo режим', 15.50, '100x34x26 см', 1, '2026-02-07 13:20:22', '2026-03-28 12:54:32');
INSERT INTO `klimatici_db`.`products` (`product_id`, `brand_id`, `model_name`, `description`, `price`, `stock_quantity`, `energy_class`, `btu_power`, `warranty_months`, `main_image_url`, `features`, `weight_kg`, `dimensions`, `is_active`, `created_at`, `updated_at`) VALUES (4, 2, 'FTXM25R Perfera', 'Интелигентен климатик с 3D въздушен поток и Flash Streamer технология. Тих и ефективен за помещения до 25 кв.м.', 1449.80, 18, 'A+++', 9000, 36, 'https://www.eracon.bg/image/cache/catalog/Daikin/FTXM/FTXM-R-1000x1000.jpg', 'Flash Streamer, 3D въздушен поток, Wi-Fi control, Intelligent Eye сензор', 9.00, '79x28x23 см', 1, '2026-02-07 13:20:22', '2026-03-28 12:54:32');
INSERT INTO `klimatici_db`.`products` (`product_id`, `brand_id`, `model_name`, `description`, `price`, `stock_quantity`, `energy_class`, `btu_power`, `warranty_months`, `main_image_url`, `features`, `weight_kg`, `dimensions`, `is_active`, `created_at`, `updated_at`) VALUES (5, 2, 'FTXM35R Perfera', 'По-мощна версия на Perfera серията с 12000 BTU. Отлична енергийна ефективност и тихо работене.', 1649.75, 14, 'A+++', 12000, 36, 'https://www.daikin-bg.com/image/cache/catalog/16335730808-1000x1000.jpg', 'Flash Streamer, Comfort Mode, Онлайн контрол, Coanda ефект', 10.50, '89x29x24 см', 1, '2026-02-07 13:20:22', '2026-03-28 12:54:32');
INSERT INTO `klimatici_db`.`products` (`product_id`, `brand_id`, `model_name`, `description`, `price`, `stock_quantity`, `energy_class`, `btu_power`, `warranty_months`, `main_image_url`, `features`, `weight_kg`, `dimensions`, `is_active`, `created_at`, `updated_at`) VALUES (6, 2, 'FTXP50M Comfora', 'Мощен климатик за големи пространства. Енергоспестяващ с отлични характеристики.', 1898.70, 10, 'A++', 18000, 36, 'https://daricclima.bg/ufiles/articles/1/2023/05/klimatik-daikin-komfora-ftxp50m-rxp50m_8597.jpg', 'Икономичен режим, Таймер 24ч, Турбо режим, R32 фреон', 14.00, '98x33x25 см', 1, '2026-02-07 13:20:22', '2026-04-11 13:54:32');
INSERT INTO `klimatici_db`.`products` (`product_id`, `brand_id`, `model_name`, `description`, `price`, `stock_quantity`, `energy_class`, `btu_power`, `warranty_months`, `main_image_url`, `features`, `weight_kg`, `dimensions`, `is_active`, `created_at`, `updated_at`) VALUES (7, 2, 'FTXTP71L Premium', 'Професионален климатик за много големи помещения. 24000 BTU мощност.', 2598.65, 5, 'A++', 24000, 36, 'https://www.saturnsales.co.uk/images/super/Daikin_Standard.jpg', 'Професионална серия, Мощно охлаждане, Дистанционно управление', 18.50, '110x36x28 см', 1, '2026-02-07 13:20:22', '2026-03-28 12:54:32');
INSERT INTO `klimatici_db`.`products` (`product_id`, `brand_id`, `model_name`, `description`, `price`, `stock_quantity`, `energy_class`, `btu_power`, `warranty_months`, `main_image_url`, `features`, `weight_kg`, `dimensions`, `is_active`, `created_at`, `updated_at`) VALUES (8, 3, 'MSZ-LN25VGW Diamond', 'Премиум климатик с уникален дизайн и най-съвременни технологии. Клас A+++ и изключително тихо работене.', 1798.76, 10, 'A+++', 9000, 60, 'https://www.estetik-klima.com/image/cache/catalog/products/hiperinvertoren-klimatik-mitsubishi-electric-msz-25ln-vgw-muz-ln25-vg-1200x1200.jpg', 'Plasma Quad Plus, Wi-Fi, 3D i-see Sensor, Двойно филтриране', 10.00, '89x30x23 см', 1, '2026-02-07 13:20:22', '2026-03-28 12:54:32');
INSERT INTO `klimatici_db`.`products` (`product_id`, `brand_id`, `model_name`, `description`, `price`, `stock_quantity`, `energy_class`, `btu_power`, `warranty_months`, `main_image_url`, `features`, `weight_kg`, `dimensions`, `is_active`, `created_at`, `updated_at`) VALUES (9, 3, 'MSZ-LN35VGW Diamond', 'Мощност 12000 BTU с всички предимства на Diamond серията. Подходящ за средни до големи помещения.', 1998.71, 9, 'A+++', 12000, 60, 'https://klimatizacie-bratislava.eu/wp-content/uploads/2023/06/Mitsubishi-DIAMOND-pearl.jpg', 'i-see Sensor, Plasma филтър, MELCloud контрол, Нощен режим', 11.50, '99x31x24 см', 1, '2026-02-07 13:20:22', '2026-03-28 12:54:32');
INSERT INTO `klimatici_db`.`products` (`product_id`, `brand_id`, `model_name`, `description`, `price`, `stock_quantity`, `energy_class`, `btu_power`, `warranty_months`, `main_image_url`, `features`, `weight_kg`, `dimensions`, `is_active`, `created_at`, `updated_at`) VALUES (10, 3, 'MSZ-AP25VGK', 'Компактен и ефективен модел със стандартни функции на достъпна цена.', 1198.82, 20, 'A++', 9000, 36, 'https://s13emagst.akamaized.net/products/32049/32048745/images/res_e36077f420d0e29337db5c071add8fd3.jpg', 'Компактен дизайн, Енергоспестяващ, Таймер, Auto режим', 8.50, '78x28x22 см', 1, '2026-02-07 13:20:22', '2026-03-28 12:54:32');
INSERT INTO `klimatici_db`.`products` (`product_id`, `brand_id`, `model_name`, `description`, `price`, `stock_quantity`, `energy_class`, `btu_power`, `warranty_months`, `main_image_url`, `features`, `weight_kg`, `dimensions`, `is_active`, `created_at`, `updated_at`) VALUES (11, 4, 'Climate 5000 RAC', 'Немско качество и надеждност. Инверторна технология за максимална ефективност.', 1349.78, 12, 'A++', 9000, 24, 'https://rodopiklima.bg/wp-content/uploads/2025/02/invertoren-klimatik-toyotomi-utn12aputg12ap-umi-12000-btu-copy-image_61522c98dbd27_1280x1280.jpeg', 'Германска технология, Тихо работене, Автоматичен режим, LED дисплей', 9.50, '80x29x23 см', 1, '2026-02-07 13:20:22', '2026-03-28 12:54:32');
INSERT INTO `klimatici_db`.`products` (`product_id`, `brand_id`, `model_name`, `description`, `price`, `stock_quantity`, `energy_class`, `btu_power`, `warranty_months`, `main_image_url`, `features`, `weight_kg`, `dimensions`, `is_active`, `created_at`, `updated_at`) VALUES (12, 4, 'Climate 5000i RAC', 'Подобрена версия с Wi-Fi управление и интелигентни функции.', 1549.81, 10, 'A++', 12000, 24, 'https://i.citrus.world/imgcache/size_800/uploads/shop/2/5/252a386c000227beb1f536fb8970d25c.jpg', 'Wi-Fi контрол, Smart сензори, Еко режим, Самодиагностика', 11.00, '85x30x24 cm', 1, '2026-02-07 13:20:22', '2026-03-28 12:54:32');
INSERT INTO `klimatici_db`.`products` (`product_id`, `brand_id`, `model_name`, `description`, `price`, `stock_quantity`, `energy_class`, `btu_power`, `warranty_months`, `main_image_url`, `features`, `weight_kg`, `dimensions`, `is_active`, `created_at`, `updated_at`) VALUES (13, 5, 'Artcool Gallery AG09', 'Уникален дизайн с възможност за персонализация. Модерен и стилен.', 1698.75, 8, 'A+++', 9000, 24, 'https://s13emagst.akamaized.net/products/1686/1685458/images/res_89dd47d2f2af0efbead27d4dc074cba4.jpg', 'Artcool дизайн, Променяема рамка, Wi-Fi, Dual Cool технология', 10.00, '84x30x21 см', 1, '2026-02-07 13:20:22', '2026-03-28 12:54:32');
INSERT INTO `klimatici_db`.`products` (`product_id`, `brand_id`, `model_name`, `description`, `price`, `stock_quantity`, `energy_class`, `btu_power`, `warranty_months`, `main_image_url`, `features`, `weight_kg`, `dimensions`, `is_active`, `created_at`, `updated_at`) VALUES (14, 5, 'Standard Plus PC12', 'Класически модел с добро съотношение цена-качество. Надежден и ефективен.', 998.87, 25, 'A++', 12000, 24, 'https://respectclima.bg/image/cache/catalog/LG/allmag_572771338-600x600.jpg', 'Gold Fin защита, Автоматично почистване, 4-посочен въздушен поток', 10.50, '84x29x23 см', 1, '2026-02-07 13:20:22', '2026-03-28 12:54:32');
INSERT INTO `klimatici_db`.`products` (`product_id`, `brand_id`, `model_name`, `description`, `price`, `stock_quantity`, `energy_class`, `btu_power`, `warranty_months`, `main_image_url`, `features`, `weight_kg`, `dimensions`, `is_active`, `created_at`, `updated_at`) VALUES (15, 5, 'Dual Cool S4-W18', 'Мощен климатик с бързо охлаждане. Dual Inverter компресор за висока ефективност.', 1898.70, 12, 'A++', 18000, 24, 'https://praga.com.ar/wp-content/uploads/2022/08/D_728960-MLA41133399848_032020-F.jpg', 'Dual Inverter, Бързо охлаждане, 10-годишна гаранция на компресора', 15.00, '95x33x25 см', 1, '2026-02-07 13:20:22', '2026-03-28 12:54:32');
INSERT INTO `klimatici_db`.`products` (`product_id`, `brand_id`, `model_name`, `description`, `price`, `stock_quantity`, `energy_class`, `btu_power`, `warranty_months`, `main_image_url`, `features`, `weight_kg`, `dimensions`, `is_active`, `created_at`, `updated_at`) VALUES (16, 6, 'Fairy GWH09ACC', 'Икономичен модел с добри характеристики. Отличен избор за ограничен бюджет.', 798.84, 30, 'A++', 9000, 24, 'https://megaelectronics.bg/wp-content/uploads/2021/05/02201824591106932813.jpg', 'Икономичен, Компактен дизайн, Таймер 24ч, I Feel функция', 8.00, '71x25x19 см', 1, '2026-02-07 13:20:22', '2026-03-28 12:54:32');
INSERT INTO `klimatici_db`.`products` (`product_id`, `brand_id`, `model_name`, `description`, `price`, `stock_quantity`, `energy_class`, `btu_power`, `warranty_months`, `main_image_url`, `features`, `weight_kg`, `dimensions`, `is_active`, `created_at`, `updated_at`) VALUES (17, 6, 'Amber GWH12YD', 'Модел от средна ценова категория с Wi-Fi управление.', 1098.81, 18, 'A++', 12000, 24, 'https://ekomanai.lt/wp-content/uploads/2023/11/greeamb.jpeg', 'Wi-Fi Ready, G10 инвертор, Катехинов филтър, Тих режим', 9.50, '80x28x22 см', 1, '2026-02-07 13:20:22', '2026-03-28 12:54:32');
INSERT INTO `klimatici_db`.`products` (`product_id`, `brand_id`, `model_name`, `description`, `price`, `stock_quantity`, `energy_class`, `btu_power`, `warranty_months`, `main_image_url`, `features`, `weight_kg`, `dimensions`, `is_active`, `created_at`, `updated_at`) VALUES (18, 6, 'U-Crown GWH18UC', 'Мощен и ефективен климатик за големи помещения. Отлично съотношение цена-качество.', 1598.81, 14, 'A++', 18000, 24, 'https://hemeltron.ee/images/virtuemart/product/Gree_U_Crown_GWH_56387afc124e1.jpg', 'G10 инвертор, Turbo режим, Самодиагностика, Здрав въздух', 13.50, '92x32x24 см', 1, '2026-02-07 13:20:22', '2026-03-28 12:54:32');
INSERT INTO `klimatici_db`.`products` (`product_id`, `brand_id`, `model_name`, `description`, `price`, `stock_quantity`, `energy_class`, `btu_power`, `warranty_months`, `main_image_url`, `features`, `weight_kg`, `dimensions`, `is_active`, `created_at`, `updated_at`) VALUES (19, 2, 'FTXJ25MW Emura', 'Дизайнерски климатик с минималистичен стил. Най-тихият климатик на Daikin.', 2298.68, 6, 'A+++', 9000, 36, 'https://www.antonovclima.com/wp-content/uploads/klimatik-daikin-ftxj25mw-rxj25m-emura-r32.jpg', 'Най-тих климатик, Премиум дизайн, Онлайн управление, 2-зонов сензор', 10.50, '79x30x19 см', 1, '2026-02-07 13:20:22', '2026-03-28 12:54:32');
INSERT INTO `klimatici_db`.`products` (`product_id`, `brand_id`, `model_name`, `description`, `price`, `stock_quantity`, `energy_class`, `btu_power`, `warranty_months`, `main_image_url`, `features`, `weight_kg`, `dimensions`, `is_active`, `created_at`, `updated_at`) VALUES (20, 1, 'CS-Z25ZKEW Nordic', 'Среден модел от Nordic серията. Работа при ниски температури до -30°C.', 1598.81, 10, 'A++', 9000, 60, 'https://ivalsclima.bg/images/thumbs/0000928_hiperinvertoren-klimatik-panasonic-cs-z25zkewcu-z25zke-etherea-9000-btu-klas-aa_550.webp', 'Работа до -30°C, Автоматично размразяване, Интелигентен сензор', 10.00, '85x30x24 см', 1, '2026-02-07 13:20:22', '2026-03-28 12:54:32');

COMMIT;


-- -----------------------------------------------------
-- Data for table `klimatici_db`.`chat_messages`
-- -----------------------------------------------------
START TRANSACTION;
USE `klimatici_db`;
INSERT INTO `klimatici_db`.`chat_messages` (`message_id`, `order_id`, `sender_id`, `message_text`, `sent_at`, `is_read`) VALUES (message_id, order_id, sender_id, 'message_text', 'sent_at', is_read);
INSERT INTO `klimatici_db`.`chat_messages` (`message_id`, `order_id`, `sender_id`, `message_text`, `sent_at`, `is_read`) VALUES (1, 9, 5, 'Това е тест', '2026-03-25 18:44:53', 1);
INSERT INTO `klimatici_db`.`chat_messages` (`message_id`, `order_id`, `sender_id`, `message_text`, `sent_at`, `is_read`) VALUES (2, 9, 5, 'тест 1', '2026-03-26 11:51:22', 1);
INSERT INTO `klimatici_db`.`chat_messages` (`message_id`, `order_id`, `sender_id`, `message_text`, `sent_at`, `is_read`) VALUES (3, 9, 5, 's', '2026-03-26 11:52:07', 1);
INSERT INTO `klimatici_db`.`chat_messages` (`message_id`, `order_id`, `sender_id`, `message_text`, `sent_at`, `is_read`) VALUES (4, 9, 8, 'супер', '2026-03-26 12:03:26', 1);
INSERT INTO `klimatici_db`.`chat_messages` (`message_id`, `order_id`, `sender_id`, `message_text`, `sent_at`, `is_read`) VALUES (5, 10, 9, 'hello', '2026-03-26 12:13:58', 1);
INSERT INTO `klimatici_db`.`chat_messages` (`message_id`, `order_id`, `sender_id`, `message_text`, `sent_at`, `is_read`) VALUES (6, 10, 8, 'hi', '2026-03-26 12:14:19', 0);
INSERT INTO `klimatici_db`.`chat_messages` (`message_id`, `order_id`, `sender_id`, `message_text`, `sent_at`, `is_read`) VALUES (7, 9, 8, 'здравейте', '2026-04-01 08:18:14', 1);
INSERT INTO `klimatici_db`.`chat_messages` (`message_id`, `order_id`, `sender_id`, `message_text`, `sent_at`, `is_read`) VALUES (8, 9, 5, 'Добър вечер, имам въпрос относно моята поръчка. Може ли да ми разясните някои неща?', '2026-04-10 00:25:04', 1);
INSERT INTO `klimatici_db`.`chat_messages` (`message_id`, `order_id`, `sender_id`, `message_text`, `sent_at`, `is_read`) VALUES (9, 9, 8, 'Да, разбира се, с какво мога да Ви бъда полезен?', '2026-04-10 00:31:48', 1);
INSERT INTO `klimatici_db`.`chat_messages` (`message_id`, `order_id`, `sender_id`, `message_text`, `sent_at`, `is_read`) VALUES (10, 9, 5, 'Таксува ли се допълнително носенето на климатика от камиона до входната врата', '2026-04-10 00:40:05', 1);
INSERT INTO `klimatici_db`.`chat_messages` (`message_id`, `order_id`, `sender_id`, `message_text`, `sent_at`, `is_read`) VALUES (11, 9, 8, 'Не се таксува допълнително', '2026-04-10 00:41:45', 1);
INSERT INTO `klimatici_db`.`chat_messages` (`message_id`, `order_id`, `sender_id`, `message_text`, `sent_at`, `is_read`) VALUES (12, 9, 5, 'Лек ден', '2026-04-14 14:01:15', 1);

COMMIT;


-- -----------------------------------------------------
-- Data for table `klimatici_db`.`clients`
-- -----------------------------------------------------
START TRANSACTION;
USE `klimatici_db`;
INSERT INTO `klimatici_db`.`clients` (`client_id`, `user_id`, `receive_promotions`) VALUES (client_id, user_id, receive_promotions);
INSERT INTO `klimatici_db`.`clients` (`client_id`, `user_id`, `receive_promotions`) VALUES (1, 2, 1);
INSERT INTO `klimatici_db`.`clients` (`client_id`, `user_id`, `receive_promotions`) VALUES (2, 3, 1);
INSERT INTO `klimatici_db`.`clients` (`client_id`, `user_id`, `receive_promotions`) VALUES (3, 5, 1);
INSERT INTO `klimatici_db`.`clients` (`client_id`, `user_id`, `receive_promotions`) VALUES (4, 9, 1);
INSERT INTO `klimatici_db`.`clients` (`client_id`, `user_id`, `receive_promotions`) VALUES (5, 10, 1);
INSERT INTO `klimatici_db`.`clients` (`client_id`, `user_id`, `receive_promotions`) VALUES (6, 16, 1);

COMMIT;


-- -----------------------------------------------------
-- Data for table `klimatici_db`.`employees`
-- -----------------------------------------------------
START TRANSACTION;
USE `klimatici_db`;
INSERT INTO `klimatici_db`.`employees` (`employee_id`, `user_id`, `position`, `hire_date`, `rating`, `is_available`) VALUES (employee_id, user_id, 'position', 'hire_date', rating, is_available);
INSERT INTO `klimatici_db`.`employees` (`employee_id`, `user_id`, `position`, `hire_date`, `rating`, `is_available`) VALUES (1, 4, 'technician', '2026-01-26', 0.00, 1);
INSERT INTO `klimatici_db`.`employees` (`employee_id`, `user_id`, `position`, `hire_date`, `rating`, `is_available`) VALUES (2, 6, 'technician', '2026-02-07', 0.00, 1);
INSERT INTO `klimatici_db`.`employees` (`employee_id`, `user_id`, `position`, `hire_date`, `rating`, `is_available`) VALUES (3, 8, 'technician', '2026-03-02', 0.00, 1);
INSERT INTO `klimatici_db`.`employees` (`employee_id`, `user_id`, `position`, `hire_date`, `rating`, `is_available`) VALUES (5, 12, 'technician', '2026-03-30', 0.00, 1);

COMMIT;


-- -----------------------------------------------------
-- Data for table `klimatici_db`.`orders`
-- -----------------------------------------------------
START TRANSACTION;
USE `klimatici_db`;
INSERT INTO `klimatici_db`.`orders` (`order_id`, `user_id`, `total_amount`, `delivery_address`, `delivery_city`, `delivery_postal_code`, `contact_phone`, `notes`, `order_status`, `assigned_employee_id`, `created_at`, `updated_at`) VALUES (order_id, user_id, total_amount, 'delivery_address', 'delivery_city', 'delivery_postal_code', 'contact_phone', 'notes', 'order_status', assigned_employee_id, 'created_at', 'updated_at');
INSERT INTO `klimatici_db`.`orders` (`order_id`, `user_id`, `total_amount`, `delivery_address`, `delivery_city`, `delivery_postal_code`, `contact_phone`, `notes`, `order_status`, `assigned_employee_id`, `created_at`, `updated_at`) VALUES (7, 5, 1559.00, 'ул. Кестенова гора', 'София', '1404', '088976543', '', 'pending', NULL, '2026-02-22 20:55:29', '2026-02-22 20:55:29');
INSERT INTO `klimatici_db`.`orders` (`order_id`, `user_id`, `total_amount`, `delivery_address`, `delivery_city`, `delivery_postal_code`, `contact_phone`, `notes`, `order_status`, `assigned_employee_id`, `created_at`, `updated_at`) VALUES (8, 5, 1890.00, 'ул. Стамболийски 123', 'Варна', '1322', '088943224', '', 'delivered', NULL, '2026-03-04 10:28:42', '2026-03-21 15:19:36');
INSERT INTO `klimatici_db`.`orders` (`order_id`, `user_id`, `total_amount`, `delivery_address`, `delivery_city`, `delivery_postal_code`, `contact_phone`, `notes`, `order_status`, `assigned_employee_id`, `created_at`, `updated_at`) VALUES (9, 5, 1789.00, 'ул. Каблешлов 123', 'Стара Загора', '1442', '0888987546', '', 'shipped', NULL, '2026-03-13 12:21:21', '2026-03-28 12:58:18');
INSERT INTO `klimatici_db`.`orders` (`order_id`, `user_id`, `total_amount`, `delivery_address`, `delivery_city`, `delivery_postal_code`, `contact_phone`, `notes`, `order_status`, `assigned_employee_id`, `created_at`, `updated_at`) VALUES (10, 9, 1369.00, 'ул. София 123', 'София', '1420', '088874212', '', 'shipped', NULL, '2026-03-18 12:10:39', '2026-04-14 14:05:19');
INSERT INTO `klimatici_db`.`orders` (`order_id`, `user_id`, `total_amount`, `delivery_address`, `delivery_city`, `delivery_postal_code`, `contact_phone`, `notes`, `order_status`, `assigned_employee_id`, `created_at`, `updated_at`) VALUES (11, 16, 1571.98, 'ул. Яворов 67', 'Плевен', '1083', '0888984326', '', 'processing', NULL, '2026-04-12 22:36:26', '2026-04-12 22:36:52');

COMMIT;


-- -----------------------------------------------------
-- Data for table `klimatici_db`.`order_items`
-- -----------------------------------------------------
START TRANSACTION;
USE `klimatici_db`;
INSERT INTO `klimatici_db`.`order_items` (`order_item_id`, `order_id`, `product_id`, `quantity`, `unit_price`, `subtotal`) VALUES (order_item_id, order_id, product_id, quantity, unit_price, subtotal);
INSERT INTO `klimatici_db`.`order_items` (`order_item_id`, `order_id`, `product_id`, `quantity`, `unit_price`, `subtotal`) VALUES (1, 7, 2, 1, 1499.00, 1499.00);
INSERT INTO `klimatici_db`.`order_items` (`order_item_id`, `order_id`, `product_id`, `quantity`, `unit_price`, `subtotal`) VALUES (2, 8, 5, 1, 1650.00, 1650.00);
INSERT INTO `klimatici_db`.`order_items` (`order_item_id`, `order_id`, `product_id`, `quantity`, `unit_price`, `subtotal`) VALUES (3, 9, 13, 1, 1699.00, 1699.00);
INSERT INTO `klimatici_db`.`order_items` (`order_item_id`, `order_id`, `product_id`, `quantity`, `unit_price`, `subtotal`) VALUES (4, 10, 14, 1, 999.00, 999.00);
INSERT INTO `klimatici_db`.`order_items` (`order_item_id`, `order_id`, `product_id`, `quantity`, `unit_price`, `subtotal`) VALUES (5, 11, 2, 1, 1498.79, 1498.79);

COMMIT;


-- -----------------------------------------------------
-- Data for table `klimatici_db`.`services`
-- -----------------------------------------------------
START TRANSACTION;
USE `klimatici_db`;
INSERT INTO `klimatici_db`.`services` (`service_id`, `service_name`, `description`, `base_price`, `service_type`, `duration_hours`, `is_active`, `created_at`, `services_service_id`) VALUES (service_id, 'service_name', 'description', base_price, 'service_type', duration_hours, is_active, 'created_at', DEFAULT);
INSERT INTO `klimatici_db`.`services` (`service_id`, `service_name`, `description`, `base_price`, `service_type`, `duration_hours`, `is_active`, `created_at`, `services_service_id`) VALUES (1, 'Стандартна доставка', 'Доставка до адрес в рамките на 3-5 работни дни', 7.84, 'delivery', 1, 1, '2026-01-26 22:23:04', DEFAULT);
INSERT INTO `klimatici_db`.`services` (`service_id`, `service_name`, `description`, `base_price`, `service_type`, `duration_hours`, `is_active`, `created_at`, `services_service_id`) VALUES (2, 'Експресна доставка', 'Доставка в рамките на 24 часа', 15.69, 'delivery', 1, 1, '2026-01-26 22:23:04', DEFAULT);
INSERT INTO `klimatici_db`.`services` (`service_id`, `service_name`, `description`, `base_price`, `service_type`, `duration_hours`, `is_active`, `created_at`, `services_service_id`) VALUES (3, 'Основен монтаж', 'Стандартен монтаж на климатик до 3м тръби', 39.21, 'installation', 3, 1, '2026-01-26 22:23:04', DEFAULT);
INSERT INTO `klimatici_db`.`services` (`service_id`, `service_name`, `description`, `base_price`, `service_type`, `duration_hours`, `is_active`, `created_at`, `services_service_id`) VALUES (4, 'Монтаж с допълнителни тръби', 'Монтаж с тръбна инсталация над 3м', 65.35, 'installation', 5, 1, '2026-01-26 22:23:04', DEFAULT);
INSERT INTO `klimatici_db`.`services` (`service_id`, `service_name`, `description`, `base_price`, `service_type`, `duration_hours`, `is_active`, `created_at`, `services_service_id`) VALUES (5, 'Ремонт', 'Диагностика и ремонт на повреден климатик', 20.91, 'repair', 2, 1, '2026-01-26 22:23:04', DEFAULT);
INSERT INTO `klimatici_db`.`services` (`service_id`, `service_name`, `description`, `base_price`, `service_type`, `duration_hours`, `is_active`, `created_at`, `services_service_id`) VALUES (6, 'Профилактика', 'Годишна профилактика и почистване', 15.69, 'maintenance', 1, 1, '2026-01-26 22:23:04', DEFAULT);

COMMIT;


-- -----------------------------------------------------
-- Data for table `klimatici_db`.`order_services`
-- -----------------------------------------------------
START TRANSACTION;
USE `klimatici_db`;
INSERT INTO `klimatici_db`.`order_services` (`order_service_id`, `order_id`, `service_id`, `quantity`, `service_price`, `service_status`) VALUES (order_service_id, order_id, service_id, quantity, service_price, 'service_status');
INSERT INTO `klimatici_db`.`order_services` (`order_service_id`, `order_id`, `service_id`, `quantity`, `service_price`, `service_status`) VALUES (1, 8, 6, 1, 60.00, 'pending');
INSERT INTO `klimatici_db`.`order_services` (`order_service_id`, `order_id`, `service_id`, `quantity`, `service_price`, `service_status`) VALUES (2, 8, 3, 1, 150.00, 'pending');
INSERT INTO `klimatici_db`.`order_services` (`order_service_id`, `order_id`, `service_id`, `quantity`, `service_price`, `service_status`) VALUES (3, 9, 6, 1, 60.00, 'pending');
INSERT INTO `klimatici_db`.`order_services` (`order_service_id`, `order_id`, `service_id`, `quantity`, `service_price`, `service_status`) VALUES (4, 10, 4, 1, 250.00, 'pending');
INSERT INTO `klimatici_db`.`order_services` (`order_service_id`, `order_id`, `service_id`, `quantity`, `service_price`, `service_status`) VALUES (5, 10, 6, 1, 60.00, 'pending');
INSERT INTO `klimatici_db`.`order_services` (`order_service_id`, `order_id`, `service_id`, `quantity`, `service_price`, `service_status`) VALUES (6, 11, 4, 1, 65.35, 'pending');

COMMIT;


-- -----------------------------------------------------
-- Data for table `klimatici_db`.`payments`
-- -----------------------------------------------------
START TRANSACTION;
USE `klimatici_db`;
INSERT INTO `klimatici_db`.`payments` (`payment_id`, `order_id`, `amount`, `payment_method`, `payment_status`, `payment_date`) VALUES (payment_id, order_id, amount, 'payment_method', 'payment_status', 'payment_date');
INSERT INTO `klimatici_db`.`payments` (`payment_id`, `order_id`, `amount`, `payment_method`, `payment_status`, `payment_date`) VALUES (1, 7, 1559.00, 'cash_on_delivery', 'pending', '2026-02-22 20:55:29');
INSERT INTO `klimatici_db`.`payments` (`payment_id`, `order_id`, `amount`, `payment_method`, `payment_status`, `payment_date`) VALUES (2, 8, 1890.00, 'cash_on_delivery', 'pending', '2026-03-04 10:28:42');
INSERT INTO `klimatici_db`.`payments` (`payment_id`, `order_id`, `amount`, `payment_method`, `payment_status`, `payment_date`) VALUES (3, 9, 1789.00, 'credit_card', 'completed', '2026-03-13 12:21:21');
INSERT INTO `klimatici_db`.`payments` (`payment_id`, `order_id`, `amount`, `payment_method`, `payment_status`, `payment_date`) VALUES (4, 10, 1369.00, 'cash_on_delivery', 'pending', '2026-03-18 12:10:39');
INSERT INTO `klimatici_db`.`payments` (`payment_id`, `order_id`, `amount`, `payment_method`, `payment_status`, `payment_date`) VALUES (5, 11, 1571.98, 'cash_on_delivery', 'pending', '2026-04-12 22:36:26');

COMMIT;


-- -----------------------------------------------------
-- Data for table `klimatici_db`.`reviews`
-- -----------------------------------------------------
START TRANSACTION;
USE `klimatici_db`;
INSERT INTO `klimatici_db`.`reviews` (`review_id`, `user_id`, `product_id`, `rating`, `title`, `review_text`, `is_verified_purchase`, `reviewer_name`, `created_at`, `is_approved`) VALUES (1, 5, 1, 5, 'Уникален климатик', 'След консултация с контактно лице успях да намеря правилния за мен климатик!', 0, 'Иван Иванов', '2026-04-10 22:14:13', 1);

COMMIT;


-- -----------------------------------------------------
-- Data for table `klimatici_db`.`service_requests`
-- -----------------------------------------------------
START TRANSACTION;
USE `klimatici_db`;
INSERT INTO `klimatici_db`.`service_requests` (`request_id`, `user_id`, `service_id`, `address`, `city`, `contact_phone`, `description`, `preferred_date`, `preferred_time`, `request_status`, `created_at`, `updated_at`) VALUES (request_id, user_id, service_id, 'address', 'city', 'contact_phone', 'description', 'preferred_date', 'preferred_time', 'request_status', 'created_at', 'updated_at');
INSERT INTO `klimatici_db`.`service_requests` (`request_id`, `user_id`, `service_id`, `address`, `city`, `contact_phone`, `description`, `preferred_date`, `preferred_time`, `request_status`, `created_at`, `updated_at`) VALUES (3, 5, 6, 'ул. Смирненски 10', 'София', '0887975123', 'Преди 2 месеца закупих от вас климатик и мисля, че има проблем с тръбопроводната система и бих искал да подъчам профилактика', '2026-04-21', '12:00:00', 'completed', '2026-04-11 23:40:43', '2026-04-12 22:38:12');

COMMIT;

